<Root_Element>
   <Table>
      <Table_SQL_Name>shipment</Table_SQL_Name>
   </Table>
   <Column>
      <Col_SQL_Name>date_shipped</Col_SQL_Name>
      <Col_Heading>&lt;U&gt;Date Shipped</Col_Heading>
   </Column>
   <Column>
      <Col_SQL_Name>customer_name</Col_SQL_Name>
      <Col_Heading>&lt;U&gt;Customer Name</Col_Heading>
   </Column>
   <Column>
      <Col_SQL_Name>id</Col_SQL_Name>
      <Col_Heading>&lt;U&gt;Shipment Id</Col_Heading>
   </Column>
   <Column>
      <Col_SQL_Name>payment_terms</Col_SQL_Name>
      <Col_Heading>&lt;U&gt;Pay Terms</Col_Heading>
   </Column>
   <Column>
      <Col_SQL_Name>total_value</Col_SQL_Name>
      <Col_Heading>&lt;U&gt;Total Inv Amt</Col_Heading>
   </Column>
   <Column>
      <Col_SQL_Name>total_cash_received</Col_SQL_Name>
      <Col_Heading>&lt;U&gt;Amount Paid</Col_Heading>
   </Column>
   <Column>
      <Col_SQL_Name>total_value - total_cash_received</Col_SQL_Name>
      <Col_Heading>&lt;U&gt;Total Due</Col_Heading>
      <Display_Format>CURRENCY</Display_Format>
   </Column>
   <SQL_Where_Clause>where ((total_cash_received is null) or (total_cash_received &lt; total_value)) and (is_canceled is null or is_canceled = 'N') order by date_shipped,  customer_name, id</SQL_Where_Clause>
   <ReportHeader>
      <Report_Title>&lt;center&gt;Accounts Receivable Aging&lt;/center&gt;&lt;hr&gt;</Report_Title>
   </ReportHeader>
   <Detail>
      <DetailCol>
         <DetailColPos>0</DetailColPos>
         <DetailCellTags/>
      </DetailCol>
      <DetailCol>
         <DetailColPos>1</DetailColPos>
         <DetailCellTags/>
      </DetailCol>
      <DetailCol>
         <DetailColPos>2</DetailColPos>
         <DetailCellTags/>
      </DetailCol>
      <DetailCol>
         <DetailColPos>3</DetailColPos>
         <DetailCellTags/>
      </DetailCol>
      <DetailCol>
         <DetailColPos>4</DetailColPos>
         <DetailCellTags>align=right</DetailCellTags>
      </DetailCol>
      <DetailCol>
         <DetailColPos>5</DetailColPos>
         <DetailCellTags>align=right</DetailCellTags>
      </DetailCol>
      <DetailCol>
         <DetailColPos>6</DetailColPos>
         <DetailCellTags>align=right</DetailCellTags>
      </DetailCol>
   </Detail>
   <ReportFooter>
      <SumColPos>6</SumColPos>
      <Footer_Note1/>
   </ReportFooter>
</Root_Element>
