<Root_Element>
   <Table>
      <Table_SQL_Name>cust_order</Table_SQL_Name>
   </Table>
   <Table>
      <Table_SQL_Name>cust_order_item</Table_SQL_Name>
   </Table>
   <Column>
      <Col_SQL_Name>customer_name</Col_SQL_Name>
      <Col_Heading>&lt;U&gt;Customer Name</Col_Heading>
   </Column>
   <Column>
      <Col_SQL_Name>item_id</Col_SQL_Name>
      <Col_Heading>&lt;U&gt;Model</Col_Heading>
   </Column>
   <Column>
      <Col_SQL_Name>cust_order.id</Col_SQL_Name>
      <Col_Heading>&lt;U&gt;Sales Order</Col_Heading>
   </Column>
   <Column>
      <Col_SQL_Name>qty_ordered</Col_SQL_Name>
      <Col_Heading>&lt;U&gt;Qty Ord</Col_Heading>
   </Column>
   <Column>
      <Col_SQL_Name>qty_shipped</Col_SQL_Name>
      <Col_Heading>&lt;U&gt;Qty Shipd</Col_Heading>
   </Column>
   <Column>
      <Col_SQL_Name>unit_price</Col_SQL_Name>
      <Col_Heading>&lt;U&gt;Unit Price</Col_Heading>
   </Column>
   <Column>
      <Col_SQL_Name>(qty_ordered - qty_shipped) * unit_price</Col_SQL_Name>
      <Col_Heading>&lt;U&gt;Total</Col_Heading>
      <Display_Format>CURRENCY</Display_Format>
   </Column>
   <SQL_Where_Clause>where cust_order.id = cust_order_item.id and cust_order.locality = cust_order_item.locality and cust_order.customer_id like '?:0%' and (qty_ordered &gt; qty_shipped or qty_shipped is null) order by customer_name, item_id </SQL_Where_Clause>
   <ReportHeader>
      <Report_Title>&lt;center&gt;Customer Back Order Report By Customer&lt;/center&gt;&lt;hr&gt;</Report_Title>
   </ReportHeader>
   <GroupHeader>
      <GroupByColNum>0</GroupByColNum>
      <ColNum>0</ColNum>
   </GroupHeader>
   <Detail>
      <DetailCol>
         <DetailColPos>1</DetailColPos>
         <DetailCellTags>align=right</DetailCellTags>
      </DetailCol>
      <DetailCol>
         <DetailColPos>2</DetailColPos>
         <DetailCellTags>align=right</DetailCellTags>
      </DetailCol>
      <DetailCol>
         <DetailColPos>3</DetailColPos>
         <DetailCellTags>align=right</DetailCellTags>
      </DetailCol>
      <DetailCol>
         <DetailColPos>4</DetailColPos>
         <DetailCellTags>align=right</DetailCellTags>
      </DetailCol>
      <DetailCol>
         <DetailColPos>5</DetailColPos>
         <DetailCellTags>align=right</DetailCellTags>
      </DetailCol>
      <DetailCol>
         <DetailColPos>6</DetailColPos>
         <DetailCellTags>align=right</DetailCellTags>
      </DetailCol>
   </Detail>
   <GroupFooter>
      <SumColPos>6</SumColPos>
   </GroupFooter>
   <ReportFooter>
      <Footer_Note1/>
      <SumColPos>6</SumColPos>
   </ReportFooter>
</Root_Element>
