<Root_Element>
   <Table>
      <Table_SQL_Name>cust_order_item</Table_SQL_Name>
   </Table>
   <Table>
      <Table_SQL_Name>cust_order</Table_SQL_Name>
   </Table>
   <Column>
      <Col_SQL_Name>cust_order.id</Col_SQL_Name>
      <Col_Heading>&lt;U&gt;Order Num</Col_Heading>
   </Column>
   <Column>
      <Col_SQL_Name>cust_order.date_created</Col_SQL_Name>
      <Col_Heading>&lt;U&gt;Date Created</Col_Heading>
   </Column>
   <Column>
      <Col_SQL_Name>cust_order.customer_name</Col_SQL_Name>
      <Col_Heading>&lt;U&gt;Customer</Col_Heading>
   </Column>
   <Column>
      <Col_SQL_Name>cust_order_item.item_id</Col_SQL_Name>
      <Col_Heading>&lt;U&gt;Item Id</Col_Heading>
   </Column>
   <Column>
      <Col_SQL_Name>CUST_ORDER_ITEM.QTY_ORDERED</Col_SQL_Name>
      <Col_Heading>&lt;U&gt;Qty Ordered</Col_Heading>
   </Column>
   <Column>
      <Col_SQL_Name>CUST_ORDER_ITEM.UNIT_PRICE</Col_SQL_Name>
      <Col_Heading>&lt;U&gt;Unit Price</Col_Heading>
   </Column>
   <Column>
      <Col_SQL_Name>CUST_ORDER_ITEM.EXTENDED_PRICE</Col_SQL_Name>
      <Col_Heading>&lt;U&gt;Extended Price</Col_Heading>
   </Column>
   <SQL_Where_Clause>where CUST_ORDER_ITEM.ID = cust_order.id and cust_order_item.locality = cust_order.locality and (cust_order.date_created between '?:1' and '?:2') order by cust_order.id</SQL_Where_Clause>
   <ReportHeader>
      <Report_Title>&lt;center&gt;Monthly Sales&lt;br&gt; From ?:1 to ?:2 &lt;/center&gt;&lt;hr&gt;</Report_Title>
   </ReportHeader>
   <GroupHeader>
      <GroupByColNum>0</GroupByColNum>
      <ColNum>0</ColNum>
   </GroupHeader>
   <Detail>
      <DetailCol>
         <DetailColPos>1</DetailColPos>
         <DetailCellTags/>
      </DetailCol>
      <DetailCol>
         <DetailColPos>2</DetailColPos>
         <DetailCellTags/>
      </DetailCol>
      <DetailCol>
         <DetailColPos>3</DetailColPos>
         <DetailCellTags/>
      </DetailCol>
      <DetailCol>
         <DetailColPos>4</DetailColPos>
         <DetailCellTags>align=right</DetailCellTags>
      </DetailCol>
      <DetailCol>
         <DetailColPos>5</DetailColPos>
         <DetailCellTags>align=right</DetailCellTags>
      </DetailCol>
      <DetailCol>
         <DetailColPos>6</DetailColPos>
         <DetailCellTags>align=right</DetailCellTags>
      </DetailCol>
   </Detail>
   <GroupFooter>
      <SumColPos>6</SumColPos>
   </GroupFooter>
   <ReportFooter>
      <Footer_Note1/>
      <SumColPos>6</SumColPos>
   </ReportFooter>
</Root_Element>
