<Root_Element>
   <Table>
      <Table_SQL_Name>shipment</Table_SQL_Name>
   </Table>
   <Table>
      <Table_SQL_Name>shipment_item</Table_SQL_Name>
   </Table>
   <Column>
      <Col_SQL_Name>item_id</Col_SQL_Name>
      <Col_Heading>&lt;U&gt;Item #</Col_Heading>
   </Column>
   <Column>
      <Col_SQL_Name>sum(qty_ordered)</Col_SQL_Name>
      <Col_Heading>&lt;U&gt;Qty Sold</Col_Heading>
   </Column>
   <Column>
      <Col_SQL_Name>sum(qty_ordered * unit_price)</Col_SQL_Name>
      <Col_Heading>&lt;U&gt;Sales Price</Col_Heading>
      <Display_Format>CURRENCY</Display_Format>
   </Column>
   <SQL_Where_Clause> where shipment.id = shipment_item.id and shipment.locality = shipment_item.locality and (shipment.date_created between '?:1' and '?:2') and (is_canceled = 'N' or is_canceled is null) and item_id like '?:3%' group by item_id</SQL_Where_Clause>
   <ReportHeader>
      <Report_Title>&lt;center&gt;Product Sales By Item&lt;br&gt; From ?:1 To ?:2 &lt;br&gt; For ?:3 &lt;/center&gt;&lt;hr&gt;</Report_Title>
   </ReportHeader>
   <Detail>
      <DetailCol>
         <DetailColPos>0</DetailColPos>
         <DetailCellTags/>
      </DetailCol>
      <DetailCol>
         <DetailColPos>1</DetailColPos>
         <DetailCellTags>align=right</DetailCellTags>
      </DetailCol>
      <DetailCol>
         <DetailColPos>2</DetailColPos>
         <DetailCellTags>align=right</DetailCellTags>
      </DetailCol>
   </Detail>
   <ReportFooter>
      <SumColPos>1</SumColPos>
      <SumColPos>2</SumColPos>
      <Footer_Note1/>
   </ReportFooter>
</Root_Element>
