<Root_Element>
   <Table>
      <Table_SQL_Name>purch_order</Table_SQL_Name>
   </Table>
   <Table>
      <Table_SQL_Name>purch_order_item</Table_SQL_Name>
   </Table>
   <Column>
      <Col_SQL_Name>item_id</Col_SQL_Name>
      <Col_Heading>&lt;U&gt;Model</Col_Heading>
   </Column>
   <Column>
      <Col_SQL_Name>purch_order.id</Col_SQL_Name>
      <Col_Heading>&lt;U&gt;Purchase Order</Col_Heading>
   </Column>
   <Column>
      <Col_SQL_Name>purch_order.date_created</Col_SQL_Name>
      <Col_Heading>&lt;U&gt;PO Date</Col_Heading>
   </Column>
   <Column>
      <Col_SQL_Name>purch_order_item.date_item_expected</Col_SQL_Name>
      <Col_Heading>&lt;U&gt;Lead Date</Col_Heading>
   </Column>
   <Column>
      <Col_SQL_Name>qty_ordered</Col_SQL_Name>
      <Col_Heading>&lt;U&gt;Tot Qty Ord</Col_Heading>
   </Column>
   <Column>
      <Col_SQL_Name>qty_received</Col_SQL_Name>
      <Col_Heading>&lt;U&gt;Qty Rcvd</Col_Heading>
   </Column>
   <SQL_Where_Clause>where purch_order.id = purch_order_item.id and purch_order.locality = purch_order_item.locality and purch_order_item.item_id like '?:0%' and (qty_ordered &gt; qty_received or qty_received is null) order by item_id, purch_order.id </SQL_Where_Clause>
   <ReportHeader>
      <Report_Title>&lt;center&gt;Vendor Back Order Report By Model&lt;/center&gt;&lt;hr&gt;</Report_Title>
   </ReportHeader>
   <GroupHeader>
      <GroupByColNum>0</GroupByColNum>
      <ColNum>0</ColNum>
   </GroupHeader>
   <Detail>
      <DetailCol>
         <DetailColPos>1</DetailColPos>
         <DetailCellTags/>
      </DetailCol>
      <DetailCol>
         <DetailColPos>2</DetailColPos>
         <DetailCellTags/>
      </DetailCol>
      <DetailCol>
         <DetailColPos>3</DetailColPos>
         <DetailCellTags/>
      </DetailCol>
      <DetailCol>
         <DetailColPos>4</DetailColPos>
         <DetailCellTags>align=right</DetailCellTags>
      </DetailCol>
      <DetailCol>
         <DetailColPos>5</DetailColPos>
         <DetailCellTags>align=right</DetailCellTags>
      </DetailCol>
   </Detail>
   <GroupFooter>
   </GroupFooter>
   <ReportFooter>
      <Footer_Note1/>
   </ReportFooter>
</Root_Element>
